ef1,ef2,time_normal,time_resume,overlap_pct,memory_normal_mb,memory_resume_mb,normal_recall,resume_recall_ef1,resume_recall_ef2
10,700,5.32856,5.68219,78.661,0.125,9594.97,0.9993,0.77684,0.98656
78,700,5.21581,4.97098,98.382,0.125,9594.91,0.9993,0.97063,0.98661
146,700,5.21806,4.44423,99.539,0.125,9594.91,0.99923,0.98215,0.98671
214,700,5.49817,4.06759,99.801,0.125,9594.91,0.99932,0.98437,0.98635
